group,team,fifa_seed_in_group,ai_outlook
A,Mexico,1,"Mexico have a realistic chance of advancing, often a group stage staple. Their key strength is depth and experience in tournament play. A notable weakness is occasional inconsistency in big matches. Star player Hirving Lozano provides pace and creativity."
A,South Africa,2,"South Africa face an uphill battle to advance, but their athleticism and counter-attacking style could cause upsets. Lack of top-tier talent is a key weakness. Star player Percy Tau offers flair and goal threat."
A,South Korea,3,"South Korea are competitive and have a solid chance to advance, relying on team cohesion and tactical discipline. Defensive lapses remain a weakness. Star player Son Heung-min is a world-class attacker capable of decisive moments."
A,Czech Republic,4,"Czech Republic have a moderate chance of advancing, with a strong midfield and set-piece prowess. However, they lack a prolific striker. Star player Patrik Schick provides a physical presence and finishing ability."
B,Canada,1,"Realistic chance to advance as second behind Switzerland. Key strength is explosive pace on the counter, led by Alphonso Davies and Jonathan David. Key weakness is defensive inexperience at this level. Star player: Alphonso Davies."
B,Bosnia and Herzegovina,2,"Outside chance to advance if they click. Key strength is creative attacking talent, especially Edin Džeko and Miralem Pjanić. Key weakness is defensive fragility and lack of depth. Star player: Edin Džeko."
B,Qatar,3,Unlikely to advance despite Asian Cup pedigree. Key strength is team cohesion and set-piece threat. Key weakness is facing higher-quality opponents consistently. Star player: Akram Afif.
B,Switzerland,4,Strong favorites to win the group. Key strength is tactical discipline and a solid defensive structure. Key weakness is a lack of a world-class goalscorer. Star player: Breel Embolo.
C,Brazil,1,"Brazil are overwhelming favorites to top the group. Their key strength is unmatched depth in attack, with players like Vinicius Jr. and Neymar. However, occasional defensive lapses and overconfidence could be exploited. Star player: Neymar. Realistic chance of advancing: near-certain."
C,Morocco,2,"Morocco, semifinalists in 2022, have a solid chance of advancing. Their key strength is a well-organized defense led by Achraf Hakimi. Weakness is a lack of consistent goal-scoring. Star player: Achraf Hakimi. Realistic chance: strong, likely second place."
C,Haiti,3,"Haiti are clear underdogs but can surprise with pace and counter-attacks. Key strength is athleticism, but they lack experience at this level. Star player: Duckens Nazon. Realistic chance: very low, likely group exit."
C,Scotland,4,"Scotland have an outside shot at advancing, relying on team spirit and set pieces. Key strength is midfield energy, but they struggle against top technical sides. Star player: Andy Robertson. Realistic chance: moderate, fighting for second."
D,United States,1,"The United States have a strong chance of advancing, especially with home soil advantage. Their key strength is athleticism and squad depth, but inconsistency in front of goal remains a weakness. Christian Pulisic, their star player, provides creativity and leadership. If they click, topping the group is possible."
D,Paraguay,2,"Paraguay have a moderate chance. Their defensive organization and physicality are key strengths, but they lack consistent goal scoring. Star player Miguel Almirón brings flair. Their solid backline makes them hard to beat, but scoring goals will be a challenge. Advancing from the group is possible if they steal points from favorites."
D,Australia,3,"Australia have a realistic chance to compete, but they are not favorites. Their key strength is team spirit and effectiveness from set pieces. A weakness is lack of creativity in central midfield. Star player Mathew Ryan provides leadership and shot-stopping. They will need to be clinical to progress."
D,Turkey,4,"Turkey have a strong chance as dark horses. Their key strength is attacking talent, with Hakan Çalhanoğlu pulling the strings. Defensive discipline is a concern, often leaving gaps. Star player Çalhanoğlu is a set-piece threat. If they tighten up at the back, they can advance."
E,Germany,1,"Germany enters as group favorites with strong chances of advancing. Their key strength is squad depth and tournament experience. However, recent inconsistency in knockout matches remains a weakness. Star player Jamal Musiala provides creativity and dynamism in midfield, crucial for breaking down defenses."
E,Curaçao,2,"Curaçao faces an uphill battle to advance, considered underdogs. Their key strength is team cohesion and spirited play. However, a lack of top-tier experience and individual quality poses a significant weakness. Star player Leandro Bacuna offers set-piece threat and leadership from midfield."
E,Ivory Coast,3,"Ivory Coast has a realistic chance to advance, likely competing for second place. Their strength lies in physicality and counter-attacking speed. Defensive lapses and inconsistency are weaknesses. Star player Sébastien Haller brings aerial prowess and finishing in the box."
E,Ecuador,4,"Ecuador stands a decent chance to progress, relying on young talent and pace. Their key strength is energetic pressing and quick transitions. Inexperience in high-pressure games is a weakness. Star player Moisés Caicedo anchors midfield with tenacity and passing range."
F,Netherlands,1,"The Netherlands have a strong chance of topping Group F. Their key strength is a deep attacking pool led by Memphis Depay and Cody Gakpo, offering creativity and goals. However, defensive lapses have plagued them in past tournaments. Star defender Virgil van Dijk anchors the backline."
F,Japan,2,"Japan are competitive and could snatch second place with their relentless team spirit. Their disciplined pressing and quick transitions are key strengths. However, a lack of a clinical striker limits their scoring. Star playmaker Takefusa Kubo provides creativity from midfield."
F,Sweden,3,Sweden are a dark horse capable of causing upsets. Their organized defense and threat from set pieces make them tough to beat. The key weakness is a lack of creative midfielders to unlock tight defenses. Star striker Alexander Isak leads the line with pace and skill.
F,Tunisia,4,"Tunisia face an uphill battle to advance from the group. Their physicality and defensive organization are their main strengths. However, inconsistency in finishing and a reliance on counterattacks limit their threat. Veteran attacker Wahbi Khazri remains their talisman."
G,Belgium,1,"Belgium, historically strong, have a realistic chance of topping Group G. Their key strength is a deep pool of experienced, world-class talent, especially in midfield. Their key weakness is an aging defense that can be exposed by pace. Star player: Kevin De Bruyne, whose creativity and vision drive their attack."
G,Egypt,2,"Egypt have a decent chance of advancing as runners-up, relying on defensive solidity. Their key strength is Mohamed Salah's individual brilliance. Their key weakness is a lack of depth beyond Salah, making them predictable in attack. Star player: Mohamed Salah, a lethal finisher who can decide tight matches."
G,Iran,3,"Iran are dark horses with a realistic chance to surprise, especially with strong defensive organization. Their key strength is a disciplined, compact backline and set-piece prowess. Key weakness is a lack of creative midfielders to unlock defenses. Star player: Mehdi Taremi, a clinical striker with hold-up play."
G,New Zealand,4,"New Zealand face an uphill battle to advance, likely finishing bottom. Their key strength is physicality and aerial threat from set pieces. Key weakness is a significant talent gap against top sides and limited top-level experience. Star player: Chris Wood, a powerful target man and proven scorer."
H,Spain,1,"Spain has a realistic chance of advancing as group leaders. Their key strength is possession-based play and technical midfield depth. The key weakness is a lack of clinical finishing in tight matches. Star player is Pedri, who orchestrates the attack with vision and composure."
H,Cape Verde,2,"Cape Verde faces an uphill battle but could surprise. Their key strength is athleticism and collective team spirit. The key weakness is inexperience at the highest level. Star player is Ryan Mendes, whose pace and dribbling provide a threat on the counter."
H,Saudi Arabia,3,"Saudi Arabia has a moderate chance, capitalizing on defensive discipline. Their key weakness is limited attacking creativity. Star player is Salem Al-Dawsari, known for his flair and set-piece ability. They must stay organized to challenge stronger sides."
H,Uruguay,4,"Uruguay has a strong chance to advance, relying on a solid defense and veteran leadership. Their key weakness is an aging squad. Star player is Federico Valverde, whose energy and box-to-box runs drive the midfield. They will compete fiercely for top spot."
I,France,1,"France are clear favorites to win Group I, boasting world-class talent across the pitch. Their key strength is an explosive attack orchestrated by Kylian Mbappé, while their key weakness can be defensive lapses against pace. Realistic chance: very high to advance as group winners. Star player: Kylian Mbappé."
I,Senegal,2,"Senegal are strong contenders for second place, leveraging athleticism and counter-attacking speed. Their key strength is a solid defensive unit led by Kalidou Koulibaly, but they can struggle against disciplined possession teams. Star player Sadio Mané provides creativity. Realistic chance: good to advance as runners-up."
I,Iraq,3,"Iraq are underdogs but possess defensive organization and determination. Their key strength is a compact backline making them hard to break down, while their key weakness is a lack of goalscoring threat. Star player Mohanad Ali leads the line. Realistic chance: low, but they could cause an upset."
I,Norway,4,"Norway have a realistic chance to challenge Senegal for second, relying on physicality and set pieces. Their key strength is aerial dominance and Erling Haaland's finishing, but they can be defensively vulnerable. Star player Erling Haaland is a goal machine. Realistic chance: moderate, could advance if they click."
J,Argentina,1,"Argentina have a high realistic chance of advancing from Group J as defending champions. Their key strength is Lionel Messi's genius and a deep, experienced squad. However, an aging core could be exposed. Star player: Lionel Messi."
J,Algeria,2,"Algeria have a solid realistic chance of advancing, given their recent African success. Their key strength is pace and lethal counter-attacks. Key weakness is occasional defensive lapses. Star player: Riyad Mahrez."
J,Austria,3,"Austria have a moderate realistic chance of advancing, but face tough opposition. Their key strength is tactical discipline and team organization. Key weakness is a lack of world-class attacking talent. Star player: David Alaba."
J,Jordan,4,"Jordan have a low realistic chance of advancing, as underdogs. Their key strength is team unity and determination. Key weakness is a significant gap in quality and experience. Star player: Musa Al-Taamari."
K,Portugal,1,Portugal have a strong chance to top the group with their experienced squad led by Cristiano Ronaldo. Key strength is depth in attack and midfield creativity. Key weakness is defensive lapses against fast transitions. Star player: Cristiano Ronaldo.
K,DR Congo,2,DR Congo are underdogs but can fight for second place. Key strength is physicality and pace on the counter. Key weakness is lack of big tournament experience. Star player: Cédric Bakambu.
K,Uzbekistan,3,Uzbekistan face an uphill battle to advance. Key strength is a disciplined midfield and set pieces. Key weakness is lack of depth and experience against top sides. Star player: Eldor Shomurodov.
K,Colombia,4,"Colombia are strong contenders to advance, likely battling Portugal for top spot. Key strength is creative midfield with James Rodríguez and pace on wings. Key weakness is inconsistent finishing. Star player: Luis Díaz."
L,England,1,"England are strong favorites to top the group, with a realistic chance of reaching the semifinals. Their key strength is depth in attacking talent like Harry Kane. Weakness is defensive lapses under pressure. Star player: Harry Kane, a proven goalscorer."
L,Croatia,2,"Croatia have a solid chance of advancing as runners-up, relying on midfield control. Key strength is veteran experience and Luka Modrić's creativity. Weakness is an aging squad and lack of pace. Star player: Luka Modrić, the midfield maestro."
L,Ghana,3,"Ghana are outsiders but could surprise with their pace and physicality. Realistic chance is slim due to defensive fragility. Key strength is counter-attacking speed. Weakness is inconsistency and inexperience. Star player: Mohammed Kudus, an dynamic attacker."
L,Panama,4,"Panama are underdogs, likely finishing last. Realistic chance of advancing is very low. Key strength is set-piece threat and fighting spirit. Weakness is technical ability and depth. Star player: Aníbal Godoy, a tenacious defensive midfielder."
